{
  "robot_root_name": "base_link",
  "human_root_name": "pelvis",
  "ground_height": 0.0,
  "human_height_assumption": 1.8,
  "use_ik_match_table1": true,
  "use_ik_match_table2": true,
  "human_scale_table": {
    "pelvis": 1.0659197568893433,
    "spine1": 1.0659197568893433,
    "left_hip": 0.7330145239830017,
    "right_hip": 0.7330145239830017,
    "left_knee": 0.8788050413131714,
    "right_knee": 0.8788050413131714,
    "left_ankle": 0.8228339552879333,
    "right_ankle": 0.8228339552879333,
    "left_shoulder": 0.7472137808799744,
    "right_shoulder": 0.7472137808799744,
    "left_elbow": 0.9304617643356323,
    "right_elbow": 0.9304617643356323,
    "left_wrist": 0.7180817723274231,
    "right_wrist": 0.7180817723274231
  },
  "ik_match_table1": {
    "base_link": [
      "pelvis",
      100,
      10,
      [
        0.0,
        0.0,
        0.0
      ],
      [
        -0.4999999890721525,
        0.5000000109278475,
        0.5000000109278473,
        0.4999999890721523
      ]
    ],
    "left_thigh_yaw_link": [
      "left_hip",
      0,
      10,
      [
        -0.05522415398766789,
        0.03454673182483439,
        0.012132428295299036
      ],
      [
        -0.4999999890721525,
        0.5000000109278475,
        0.5000000109278473,
        0.4999999890721523
      ]
    ],
    "left_knee_link": [
      "left_knee",
      100,
      10,
      [
        -0.0037459029357247453,
        0.06,
        -0.01085906928904734
      ],
      [
        -0.4999999890721525,
        0.5000000109278475,
        0.5000000109278473,
        0.4999999890721523
      ]
    ],
    "left_ankle_pitch_link": [
      "left_ankle",
      100,
      10,
      [
        0.025922289990944605,
        0.06,
        -0.016537814123807944
      ],
      [
        -0.4999999890721525,
        0.5000000109278475,
        0.5000000109278473,
        0.4999999890721523
      ]
    ],
    "right_thigh_yaw_link": [
      "right_hip",
      0,
      10,
      [
        -0.059899195639534525,
        -0.03337997850087136,
        0.01931507708590629
      ],
      [
        -0.4999999890721525,
        0.5000000109278475,
        0.5000000109278473,
        0.4999999890721523
      ]
    ],
    "right_knee_link": [
      "right_knee",
      100,
      10,
      [
        -0.003032061859560288,
        -0.06,
        -0.01606346495210431
      ],
      [
        -0.4999999890721525,
        0.5000000109278475,
        0.5000000109278473,
        0.4999999890721523
      ]
    ],
    "right_ankle_pitch_link": [
      "right_ankle",
      100,
      10,
      [
        0.025673316367743844,
        -0.06,
        -0.011070699402694116
      ],
      [
        -0.4999999890721525,
        0.5000000109278475,
        0.5000000109278473,
        0.4999999890721523
      ]
    ],
    "torso_link": [
      "spine1",
      0,
      10,
      [
        0.009115572734474503,
        0.0013134364397678626,
        -0.04134133046721189
      ],
      [
        -0.4999999890721525,
        0.5000000109278475,
        0.5000000109278473,
        0.4999999890721523
      ]
    ],
    "left_arm_yaw_link": [
      "left_shoulder",
      0,
      10,
      [
        -0.006825946269991338,
        -0.04080362780043931,
        -0.10147473721762999
      ],
      [
        0.7071067811865476,
        0.0,
        -0.7071067811865469,
        3.090862032983921e-08
      ]
    ],
    "left_elbow_pitch_link": [
      "left_elbow",
      0,
      10,
      [
        0.04065882094264613,
        -0.03249643958393888,
        0.037443840138082954
      ],
      [
        0.9999999999999993,
        -2.185569536461429e-08,
        2.185569551002109e-08,
        2.1855694554678277e-08
      ]
    ],
    "left_elbow_yaw_link": [
      "left_wrist",
      0,
      10,
      [
        -0.003419101493697242,
        0.004922882357687763,
        0.022897818548971344
      ],
      [
        0.9999999999999993,
        -2.185569536461429e-08,
        2.185569551002109e-08,
        2.1855694554678277e-08
      ]
    ],
    "right_arm_yaw_link": [
      "right_shoulder",
      0,
      10,
      [
        -0.0061634940703640985,
        0.04109057566460068,
        -0.1060891351079863
      ],
      [
        3.090862032983921e-08,
        0.7071067811865469,
        0.0,
        0.7071067811865476
      ]
    ],
    "right_elbow_pitch_link": [
      "right_elbow",
      0,
      10,
      [
        0.03117890123951701,
        0.05855819526518754,
        0.027059196976731998
      ],
      [
        2.1855694554678277e-08,
        -2.185569551002109e-08,
        2.185569536461429e-08,
        0.9999999999999993
      ]
    ],
    "right_elbow_yaw_link": [
      "right_wrist",
      0,
      10,
      [
        -0.005288578918277554,
        -0.0015252430473995588,
        0.022283199306951634
      ],
      [
        2.1855694554678277e-08,
        -2.185569551002109e-08,
        2.185569536461429e-08,
        0.9999999999999993
      ]
    ]
  },
  "ik_match_table2": {
    "base_link": [
      "pelvis",
      100,
      10,
      [
        0.0,
        0.0,
        0.0
      ],
      [
        -0.4999999890721525,
        0.5000000109278475,
        0.5000000109278473,
        0.4999999890721523
      ]
    ],
    "left_thigh_yaw_link": [
      "left_hip",
      0,
      10,
      [
        -0.05522415398766789,
        0.03454673182483439,
        0.012132428295299036
      ],
      [
        -0.4999999890721525,
        0.5000000109278475,
        0.5000000109278473,
        0.4999999890721523
      ]
    ],
    "left_knee_link": [
      "left_knee",
      100,
      10,
      [
        -0.0037459029357247453,
        -0.0066379516183118215,
        -0.01085906928904734
      ],
      [
        -0.4999999890721525,
        0.5000000109278475,
        0.5000000109278473,
        0.4999999890721523
      ]
    ],
    "left_ankle_pitch_link": [
      "left_ankle",
      100,
      10,
      [
        0.025922289990944605,
        0.01347858183044259,
        -0.016537814123807944
      ],
      [
        -0.4999999890721525,
        0.5000000109278475,
        0.5000000109278473,
        0.4999999890721523
      ]
    ],
    "right_thigh_yaw_link": [
      "right_hip",
      0,
      10,
      [
        -0.059899195639534525,
        -0.03337997850087136,
        0.01931507708590629
      ],
      [
        -0.4999999890721525,
        0.5000000109278475,
        0.5000000109278473,
        0.4999999890721523
      ]
    ],
    "right_knee_link": [
      "right_knee",
      100,
      10,
      [
        -0.003032061859560288,
        -0.005337614720042904,
        -0.01606346495210431
      ],
      [
        -0.4999999890721525,
        0.5000000109278475,
        0.5000000109278473,
        0.4999999890721523
      ]
    ],
    "right_ankle_pitch_link": [
      "right_ankle",
      100,
      10,
      [
        0.025673316367743844,
        -0.003110864612471795,
        -0.011070699402694116
      ],
      [
        -0.4999999890721525,
        0.5000000109278475,
        0.5000000109278473,
        0.4999999890721523
      ]
    ],
    "torso_link": [
      "spine1",
      0,
      10,
      [
        0.009115572734474503,
        0.0013134364397678626,
        -0.04134133046721189
      ],
      [
        -0.4999999890721525,
        0.5000000109278475,
        0.5000000109278473,
        0.4999999890721523
      ]
    ],
    "left_arm_roll_link": [
      "left_shoulder",
      0,
      10,
      [
        0.013174054214296405,
        -0.040803625614869936,
        -0.05147474019786227
      ],
      [
        0.7071067811865476,
        0.0,
        -0.7071067811865469,
        3.090862032983921e-08
      ]
    ],