{
  "robot_root_name": "base_link",
  "human_root_name": "pelvis",
  "ground_height": 0.0,
  "human_height_assumption": 1.8,
  "use_ik_match_table1": true,
  "use_ik_match_table2": true,
  "human_scale_table": {
    "pelvis": 1.2078200478151622,
    "spine1": 1.2078200478151622,
    "left_hip": 1.7659855463418617,
    "right_hip": 1.7659855463418617,
    "left_knee": 1.0517029446291637,
    "right_knee": 1.0517029446291637,
    "left_ankle": 0.9273528909108726,
    "right_ankle": 0.9273528909108726,
    "left_shoulder": 0.5569831937192434,
    "right_shoulder": 0.5569831937192434,
    "left_elbow": 0.7692712473582073,
    "right_elbow": 0.7692712473582073,
    "left_wrist": 0.5761711999594448,
    "right_wrist": 0.5761711999594448
  },
  "ik_match_table1": {
    "base_link": [
      "pelvis",
      100,
      10,
      [
        0.0,
        0.0,
        0.0
      ],
      [
        -0.4999999890721525,
        0.5000000109278475,
        0.5000000109278473,
        0.4999999890721523
      ]
    ],
    "left_thigh_yaw_link": [
      "left_hip",
      0,
      10,
      [
        0.10237937460767912,
        0.037162638020755666,
        0.11723061544299186
      ],
      [
        -0.4999999890721525,
        0.5000000109278475,
        0.5000000109278473,
        0.4999999890721523
      ]
    ],
    "left_knee_link": [
      "left_knee",
      0,
      10,
      [
        0.06745956101270069,
        0.008940222775273479,
        0.12396552564511865
      ],
      [
        -0.4999999890721525,
        0.5000000109278475,
        0.5000000109278473,
        0.4999999890721523
      ]
    ],
    "left_ankle_pitch_link": [
      "left_ankle",
      0,
      10,
      [
        0.10458297930328801,
        0.0620815038392217,
        0.11740582301901271
      ],
      [
        -0.4999999890721525,
        0.5000000109278475,
        0.5000000109278473,
        0.4999999890721523
      ]
    ],
    "right_thigh_yaw_link": [
      "right_hip",
      0,
      10,
      [
        0.091116093914394,
        -0.03135167893031104,
        0.1345351200272944
      ],
      [
        -0.4999999890721525,
        0.5000000109278475,
        0.5000000109278473,
        0.4999999890721523
      ]
    ],
    "right_knee_link": [
      "right_knee",
      0,
      10,
      [
        0.06831443050625552,
        -0.020271879493418948,
        0.11773699295589779
      ],
      [
        -0.4999999890721525,
        0.5000000109278475,
        0.5000000109278473,
        0.4999999890721523
      ]
    ],
    "right_ankle_pitch_link": [
      "right_ankle",
      0,
      10,
      [
        0.1043029249113765,
        -0.04739684128116767,
        0.1235671038266304
      ],
      [
        -0.4999999890721525,
        0.5000000109278475,
        0.5000000109278473,
        0.4999999890721523
      ]
    ],
    "torso_yaw_link": [
      "spine1",
      0,
      10,
      [
        0.08615848185676357,
        0.002988287113076504,
        -0.06473388109938583
      ],
      [
        -0.4999999890721525,
        0.5000000109278475,
        0.5000000109278473,
        0.4999999890721523
      ]
    ],
    "left_shoulder_yaw_link": [
      "left_shoulder",
      0,
      10,
      [
        0.05450901084817338,
        0.09445399942124467,
        -0.06437456053493792
      ],
      [
        0.7071067811865476,
        0.0,
        -0.7071067811865469,
        3.090862032983921e-08
      ]
    ],
    "left_elbow_pitch_link": [
      "left_elbow",
      0,
      10,
      [
        0.0777952122533552,
        0.05965739935238168,
        0.10234621063398941
      ],
      [
        0.9999999999999993,
        -2.185569536461429e-08,
        2.185569551002109e-08,
        2.1855694554678277e-08
      ]
    ],
    "left_elbow_yaw_link": [
      "left_wrist",
      0,
      10,
      [
        0.011475168891580543,
        0.0757243254224068,
        -0.11367644013999709
      ],
      [
        0.7071067811865476,
        0.7071067811865469,
        3.090862032983918e-08,
        -1.351058757700004e-15
      ]
    ],
    "right_shoulder_yaw_link": [
      "right_shoulder",
      0,
      10,
      [
        0.05500281161113917,
        -0.09488218790480862,
        -0.0647182847452522
      ],
      [
        3.090862032983921e-08,
        0.7071067811865469,
        0.0,
        0.7071067811865476
      ]
    ],
    "right_elbow_pitch_link": [
      "right_elbow",
      0,
      10,
      [
        0.0668618506159672,
        -0.03883360503477579,
        0.09375976493493593
      ],
      [
        2.1855694554678277e-08,
        -2.185569551002109e-08,
        2.185569536461429e-08,
        0.9999999999999993
      ]
    ],
    "right_elbow_yaw_link": [
      "right_wrist",
      0,
      10,
      [
        0.006879429857422248,
        -0.11164904079597385,
        0.07523036646502204
      ],
      [
        2.1855694554678277e-08,
        -2.185569551002109e-08,
        2.185569536461429e-08,
        0.9999999999999993
      ]
    ]
  },
  "ik_match_table2": {
    "base_link": [
      "pelvis",
      100,
      10,
      [
        0.0,
        0.0,
        0.0
      ],
      [
        -0.4999999890721525,
        0.5000000109278475,
        0.5000000109278473,
        0.4999999890721523
      ]
    ],
    "left_thigh_yaw_link": [
      "left_hip",
      0,
      10,
      [
        0.10237937460767912,
        0.037162638020755666,
        0.11723061544299186
      ],
      [
        -0.4999999890721525,
        0.5000000109278475,
        0.5000000109278473,
        0.4999999890721523
      ]
    ],
    "left_knee_link": [
      "left_knee",
      100,
      10,
      [
        0.06745956101270069,
        0.008940222775273479,
        0.12396552564511865
      ],
      [
        -0.4999999890721525,
        0.5000000109278475,
        0.5000000109278473,
        0.4999999890721523
      ]
    ],
    "left_ankle_pitch_link": [
      "left_ankle",
      100,
      10,
      [
        0.10458297930328801,
        0.0620815038392217,
        0.11740582301901271
      ],
      [
        -0.4999999890721525,
        0.5000000109278475,
        0.5000000109278473,
        0.4999999890721523
      ]
    ],
    "right_thigh_yaw_link": [
      "right_hip",
      0,
      10,
      [
        0.091116093914394,
        -0.03135167893031104,
        0.1345351200272944
      ],
      [
        -0.4999999890721525,
        0.5000000109278475,
        0.5000000109278473,
        0.4999999890721523
      ]
    ],
    "right_knee_link": [
      "right_knee",
      100,
      10,
      [
        0.06831443050625552,
        -0.020271879493418948,
        0.11773699295589779
      ],
      [
        -0.4999999890721525,
        0.5000000109278475,
        0.5000000109278473,
        0.4999999890721523
      ]
    ],
    "right_ankle_pitch_link": [
      "right_ankle",
      100,
      10,
      [
        0.1043029249113765,
        -0.04739684128116767,
        0.1235671038266304
      ],
      [
        -0.4999999890721525,
        0.5000000109278475,
        0.5000000109278473,
        0.4999999890721523
      ]
    ],
    "torso_yaw_link": [
      "spine1",
      0,
      10,
      [
        0.08615848185676357,
        0.002988287113076504,
        -0.06473388109938583
      ],
      [
        -0.4999999890721525,
        0.5000000109278475,
        0.5000000109278473,
        0.4999999890721523
      ]
    ],
    "left_shoulder_yaw_link": [
      "left_shoulder",
      0,
      10,
      [
        0.05450901084817338,
        0.09445399942124467,
        -0.06437456053493792
      ],
      [
        0.7071067811865476,
        0.0,
        -0.7071067811865469,
        3.090862032983921e-08
      ]
    ],