{
  "robot_root_name": "pelvis",
  "human_root_name": "pelvis",
  "ground_height": 0.0,
  "human_height_assumption": 1.8,
  "use_ik_match_table1": true,
  "use_ik_match_table2": true,
  "human_scale_table": {
    "pelvis": 1.1316954658692142,
    "spine3": 1.1316954658692142,
    "left_hip": 1.9231972493321063,
    "right_hip": 1.9231972493321063,
    "left_knee": 1.0642762356493847,
    "right_knee": 1.0642762356493847,
    "left_foot": 0.909940119249275,
    "right_foot": 0.909940119249275,
    "left_shoulder": 0.7227651685117239,
    "right_shoulder": 0.7227651685117239,
    "left_elbow": 0.7417440917118486,
    "right_elbow": 0.7417440917118486,
    "left_wrist": 0.7492730201008808,
    "right_wrist": 0.7492730201008808
  },
  "ik_match_table1": {
    "pelvis": [
      "pelvis",
      100,
      10,
      [
        0.0,
        0.0,
        0.0
      ],
      [
        -0.4999999890721525,
        0.5000000109278475,
        0.5000000109278473,
        0.4999999890721523
      ]
    ],
    "left_hip_roll_link": [
      "left_hip",
      0,
      10,
      [
        0.047005682587810876,
        0.016874693635003046,
        0.026744217584914697
      ],
      [
        -0.45442004476931624,
        0.5417586389822063,
        0.5417586389822063,
        0.45442004476931624
      ]
    ],
    "left_knee_link": [
      "left_knee",
      0,
      10,
      [
        0.029569185751356038,
        -0.002489434465107188,
        0.043022680223032246
      ],
      [
        -0.4999999890721524,
        0.5000000109278474,
        0.5000000109278474,
        0.4999999890721524
      ]
    ],
    "left_toe_link": [
      "left_foot",
      100,
      10,
      [
        0.04639060908367299,
        0.016054403599131243,
        0.04000781167594881
      ],
      [
        -0.4999999890721524,
        0.5000000109278474,
        0.5000000109278474,
        0.4999999890721524
      ]
    ],
    "right_hip_roll_link": [
      "right_hip",
      0,
      10,
      [
        0.03820619688331785,
        -0.01381350374615331,
        0.04743607662808434
      ],
      [
        -0.45442004476931624,
        0.5417586389822063,
        0.5417586389822063,
        0.45442004476931624
      ]
    ],
    "right_knee_link": [
      "right_knee",
      0,
      10,
      [
        0.030434399762185656,
        -0.012013565845914623,
        0.03671968434576912
      ],
      [
        -0.4999999890721524,
        0.5000000109278474,
        0.5000000109278474,
        0.4999999890721524
      ]
    ],
    "right_toe_link": [
      "right_foot",
      100,
      10,
      [
        0.04053027073821625,
        -0.012028162612005792,
        0.04515889122400552
      ],
      [
        -0.4999999890721524,
        0.5000000109278474,
        0.5000000109278474,
        0.4999999890721524
      ]
    ],
    "torso_link": [
      "spine3",
      0,
      10,
      [
        0.007321379291141763,
        0.00012406482918138982,
        -0.28917730704188216
      ],
      [
        -0.4999999890721525,
        0.5000000109278475,
        0.5000000109278473,
        0.4999999890721523
      ]
    ],
    "left_shoulder_yaw_link": [
      "left_shoulder",
      0,
      10,
      [
        0.020638462681476878,
        -0.008698237315393507,
        -0.1216199529447428
      ],
      [
        -0.7070390395174264,
        -4.012556317312122e-05,
        0.7071745152269767,
        -1.3057017694273478e-06
      ]
    ],
    "left_elbow_link": [
      "left_elbow",
      0,
      10,
      [
        0.024677683363308237,
        0.03543510482248545,
        0.06811415540245168
      ],
      [
        0.9999999946077937,
        2.7449786602629093e-05,
        -9.577393721439167e-05,
        2.929632899413909e-05
      ]
    ],
    "left_wrist_yaw_link": [
      "left_wrist",
      0,
      10,
      [
        0.01795825755365901,
        0.016998882985161366,
        0.059130670086441565
      ],
      [
        0.9999999946077937,
        2.7449786602629093e-05,
        -9.577393721439167e-05,
        2.929632899413909e-05
      ]
    ],
    "right_shoulder_yaw_link": [
      "right_shoulder",
      0,
      10,
      [
        0.021278348707708016,
        0.008012732217737243,
        -0.1260735332161999
      ],
      [
        1.3057017693718367e-06,
        0.7071745152269767,
        -4.012556317312122e-05,
        0.7070390395174264
      ]
    ],
    "right_elbow_link": [
      "right_elbow",
      0,
      10,
      [
        0.017107756187713152,
        -0.015453112842311162,
        0.0598382896280511
      ],
      [
        -2.929632899413909e-05,
        -9.577393721439167e-05,
        2.7449786602629093e-05,
        -0.9999999946077937
      ]
    ],
    "right_wrist_yaw_link": [
      "right_wrist",
      0,
      10,
      [
        0.015997292737851505,
        -0.014492841340992664,
        0.058489867059547146
      ],
      [
        -2.929632899413909e-05,
        -9.577393721439167e-05,
        2.7449786602629093e-05,
        -0.9999999946077937
      ]
    ]
  },
  "ik_match_table2": {
    "pelvis": [
      "pelvis",
      100,
      5,
      [
        0.0,
        0.0,
        0.0
      ],
      [
        -0.4999999890721525,
        0.5000000109278475,
        0.5000000109278473,
        0.4999999890721523
      ]
    ],
    "left_hip_roll_link": [
      "left_hip",
      10,
      5,
      [
        0.047005682587810876,
        0.016874693635003046,
        0.026744217584914697
      ],
      [
        -0.45442004476931624,
        0.5417586389822063,
        0.5417586389822063,
        0.45442004476931624
      ]
    ],
    "left_knee_link": [
      "left_knee",
      10,
      5,
      [
        0.029569185751356038,
        -0.002489434465107188,
        0.043022680223032246
      ],
      [
        -0.4999999890721524,
        0.5000000109278474,
        0.5000000109278474,
        0.4999999890721524
      ]
    ],
    "left_toe_link": [
      "left_foot",
      100,
      50,
      [
        0.04639060908367299,
        0.016054403599131243,
        0.04000781167594881
      ],
      [
        -0.4999999890721524,
        0.5000000109278474,
        0.5000000109278474,
        0.4999999890721524
      ]
    ],
    "right_hip_roll_link": [
      "right_hip",
      10,
      5,
      [
        0.03820619688331785,
        -0.01381350374615331,
        0.04743607662808434
      ],
      [
        -0.45442004476931624,
        0.5417586389822063,
        0.5417586389822063,
        0.45442004476931624
      ]
    ],
    "right_knee_link": [
      "right_knee",
      10,
      5,
      [
        0.030434399762185656,
        -0.012013565845914623,
        0.03671968434576912
      ],
      [
        -0.4999999890721524,
        0.5000000109278474,
        0.5000000109278474,
        0.4999999890721524
      ]
    ],
    "right_toe_link": [
      "right_foot",
      100,
      50,
      [
        0.04053027073821625,
        -0.012028162612005792,
        0.04515889122400552
      ],
      [
        -0.4999999890721524,
        0.5000000109278474,
        0.5000000109278474,
        0.4999999890721524
      ]
    ],
    "torso_link": [
      "spine3",
      0,
      10,
      [
        0.007321379291141763,
        0.00012406482918138982,
        -0.28917730704188216
      ],
      [
        -0.4999999890721525,
        0.5000000109278475,
        0.5000000109278473,
        0.4999999890721523
      ]
    ],
    "left_shoulder_yaw_link": [
      "left_shoulder",
      10,
      5,
      [
        0.020638462681476878,
        -0.008698237315393507,
        -0.1216199529447428
      ],
      [
        -0.7070390395174264,
        -4.012556317312122e-05,
        0.7071745152269767,
        -1.3057017694273478e-06
      ]
    ],